;;;;For reference, previous exercises' items;;;;;;;;;;;;;
CSV;Template;Collection;Item;Item_TR_2024;Item_TR_2023;Item_TR_2022;Item_TR_2021;Item_TR_2020A;Item_TR_2020S;Item_TR_2019;Item_TR_2018;Item_TR_2017;Item_TR_2016;Item_TR_2015;Item_TR_2014;Category;Label
tr_oth.csv;Capital;TR2025;2520101;2420101;2320101;2220101;2120101;2020101;2020101;1920101;1820101;1720101;1620101;150101;993401;Capital;OWN FUNDS
tr_oth.csv;Capital;TR2025;2520102;2420102;2320102;2220102;2120102;2020102;2020102;1920102;1820102;1720102;1620102;150102;993402;Capital;COMMON EQUITY TIER 1 CAPITAL (net of deductions and after applying transitional adjustments)
tr_oth.csv;Capital;TR2025;2520103;2420103;2320103;2220103;2120103;2020103;2020103;1920103;1820103;1720103;1620103;150103;993403;Capital;Capital instruments eligible as CET1 Capital (including share premium and net own capital instruments)
tr_oth.csv;Capital;TR2025;2520104;2420104;2320104;2220104;2120104;2020104;2020104;1920104;1820104;1720104;1620104;150104;993405;Capital;Retained earnings
tr_oth.csv;Capital;TR2025;2520105;2420105;2320105;2220105;2120105;2020105;2020105;1920105;1820105;1720105;1620105;150105;993406;Capital;Accumulated other comprehensive income
tr_oth.csv;Capital;TR2025;2520106;2420106;2320106;2220106;2120106;2020106;2020106;1920106;1820106;1720106;1620106;150106;993409;Capital;Other Reserves
tr_oth.csv;Capital;TR2025;2520107;2420107;2320107;2220107;2120107;2020107;2020107;1920107;1820107;1720107;1620107;150107;993410;Capital;Funds for general banking risk
tr_oth.csv;Capital;TR2025;2520108;2420108;2320108;2220108;2120108;2020108;2020108;1920108;1820108;1720108;1620108;150108;993411;Capital;Minority interest given recognition in CET1 capital
tr_oth.csv;Capital;TR2025;2520109;2420109;2320109;2220109;2120109;2020109;2020109;1920109;1820109;1720109;1620109;150109;993412;Capital;Adjustments to CET1 due to prudential filters
tr_oth.csv;Capital;TR2025;2520110;2420110;2320110;2220110;2120110;2020110;2020110;1920110;1820110;1720110;1620110;150110;993414;Capital;(-) Intangible assets (including Goodwill)
tr_oth.csv;Capital;TR2025;2520111;2420111;2320111;2220111;2120111;2020111;2020111;1920111;1820111;1720111;1620111;150111;993415;Capital;(-) DTAs that rely on future profitability and do not arise from temporary differences net of associated DTLs
tr_oth.csv;Capital;TR2025;2520112;2420112;2320112;2220112;2120112;2020112;2020112;1920112;1820112;1720112;1620112;150112;993416;Capital;(-) IRB shortfall of credit risk adjustments to expected losses
tr_oth.csv;Capital;TR2025;2520113;2420113;2320113;2220113;2120113;2020113;2020113;1920113;1820113;1720113;1620113;150113;993417;Capital;(-) Defined benefit pension fund assets
tr_oth.csv;Capital;TR2025;2520114;2420114;2320114;2220114;2120114;2020114;2020114;1920114;1820114;1720114;1620114;150114;993418;Capital;(-) Reciprocal cross holdings in CET1 Capital
tr_oth.csv;Capital;TR2025;2520115;2420115;2320115;2220115;2120115;2020115;2020115;1920115;1820115;1720115;1620115;150115;993419;Capital;(-) Excess deduction from AT1 items over AT1 Capital
tr_oth.csv;Capital;TR2025;2520116;2420116;2320116;2220116;2120116;2020116;2020116;1920116;1820116;1720116;1620116;150116;993420;Capital;(-) Deductions related to assets which can alternatively be subject to a 1250% risk weight
tr_oth.csv;Capital;TR2025;2520117;2420117;2320117;2220117;2120117;2020117;2020117;1920117;1820117;1720117;1620117;150117;993421;Capital; (-) Deductions related to assets which can alternatively be subject to a 1250% risk weight - Of which: from securitisation positions (-)
tr_oth.csv;Capital;TR2025;2520118;2420118;2320118;2220118;2120118;2020118;2020118;1920118;1820118;1720118;1620118;150118;993422;Capital;(-) Holdings of CET1 capital instruments of financial sector entities where the institiution does not have a significant investment
tr_oth.csv;Capital;TR2025;2520119;2420119;2320119;2220119;2120119;2020119;2020119;1920119;1820119;1720119;1620119;150119;993423;Capital;(-) Deductible DTAs that rely on future profitability and arise from temporary differences
tr_oth.csv;Capital;TR2025;2520120;2420120;2320120;2220120;2120120;2020120;2020120;1920120;1820120;1720120;1620120;150120;993424;Capital;(-) Holdings of CET1 capital instruments of financial sector entities where the institiution has a significant investment
tr_oth.csv;Capital;TR2025;2520121;2420121;2320121;2220121;2120121;2020121;2020121;1920121;1820121;1720121;1620121;150121;993425;Capital;(-) Amount exceding the 17.65% threshold
tr_oth.csv;Capital;TR2025;2520122;2420122;2320122;2220122;2120122;2020122;2020122;1920122;1820122;1720122;1620122;;;Capital;(-) Additional deductions of CET1 Capital due to Article 3 CRR
tr_oth.csv;Capital;TR2025;2520123;2420123;2320123;2220123;2120123;2020123;2020123;1920123;1820123;1720123;1620123;150122;;Capital;CET1 capital elements or deductions - other
tr_oth.csv;Capital;TR2025;2520124;2420124;2320124;2220124;2120124;2020124;2020124;1920124;1820124;1720124;1620124;150123;993426;Capital;Transitional adjustments
tr_oth.csv;Capital;TR2025;2520125;2420125;2320125;2220125;2120125;2020125;2020125;1920125;1820125;1720125;1620125;150124;993427;Capital;Transitional adjustments due to grandfathered CET1 Capital instruments (+/-)
tr_oth.csv;Capital;TR2025;2520126;2420126;2320126;2220126;2120126;2020126;2020126;1920126;1820126;1720126;1620126;150125;993428;Capital;Transitional adjustments due to additional minority interests (+/-)
tr_oth.csv;Capital;TR2025;2520127;2420127;2320127;2220127;2120127;2020127;2020127;1920127;1820127;1720127;1620127;150126;993429;Capital;Other transitional adjustments to CET1 Capital (+/-)
tr_oth.csv;Capital;TR2025;2520128;2420128;2320128;2220128;2120128;2020128;2020128;1920128;1820128;1720128;1620128;150127;993430;Capital;ADDITIONAL TIER 1 CAPITAL (net of deductions and after transitional adjustments)
tr_oth.csv;Capital;TR2025;2520129;2420129;2320129;2220129;2120129;2020129;2020129;1920129;1820129;1720129;1620129;150128;;Capital;Additional Tier 1 Capital instruments
tr_oth.csv;Capital;TR2025;2520130;2420130;2320130;2220130;2120130;2020130;2020130;1920130;1820130;1720130;1620130;;;Capital;(-) Excess deduction from T2 items over T2 capital
tr_oth.csv;Capital;TR2025;2520131;2420131;2320131;2220131;2120131;2020131;2020131;1920131;1820131;1720131;1620131;150129;;Capital;Other Additional Tier 1 Capital components and deductions
tr_oth.csv;Capital;TR2025;2520132;2420132;2320132;2220132;2120132;2020132;2020132;1920132;1820132;1720132;1620132;;;Capital;Additional Tier 1 transitional adjustments
tr_oth.csv;Capital;TR2025;2520133;2420133;2320133;2220133;2120133;2020133;2020133;1920133;1820133;1720133;1620133;150130;993432;Capital;TIER 1 CAPITAL (net of deductions and after transitional adjustments)
tr_oth.csv;Capital;TR2025;2520134;2420134;2320134;2220134;2120134;2020134;2020134;1920134;1820134;1720134;1620134;150131;993433;Capital;TIER 2 CAPITAL (net of deductions and after transitional adjustments)
tr_oth.csv;Capital;TR2025;2520135;2420135;2320135;2220135;2120135;2020135;2020135;1920135;1820135;1720135;1620135;150132;;Capital;Tier 2 Capital instruments
tr_oth.csv;Capital;TR2025;2520136;2420136;2320136;2220136;2120136;2020136;2020136;1920136;1820136;1720136;1620136;150133;;Capital;Other Tier 2 Capital components and deductions
tr_oth.csv;Capital;TR2025;2520137;2420137;2320137;2220137;2120137;2020137;2020137;1920137;1820137;1720137;1620137;;;Capital;Tier 2 transitional adjustments
tr_oth.csv;Capital;TR2025;2520138;2420138;2320138;2220138;2120138;2020138;2020138;1920138;1820138;1720138;1620138;150134;993434;Capital;TOTAL RISK EXPOSURE AMOUNT
tr_oth.csv;Capital;TR2025;2520139;2420139;2320139;2220139;2120139;2020139;2020139;1920139;1820139;1720139;1620139;;;Capital; TOTAL RISK EXPOSURE AMOUNT - Of which: Transitional adjustments included
tr_oth.csv;Capital;TR2025;2520140;2420140;2320140;2220140;2120140;2020140;2020140;1920140;1820140;1720140;1620140;150135;993441;Capital;COMMON EQUITY TIER 1 CAPITAL RATIO (transitional period)
tr_oth.csv;Capital;TR2025;2520141;2420141;2320141;2220141;2120141;2020141;2020141;1920141;1820141;1720141;1620141;150136;993442;Capital;TIER 1 CAPITAL RATIO (transitional period)
tr_oth.csv;Capital;TR2025;2520142;2420142;2320142;2220142;2120142;2020142;2020142;1920142;1820142;1720142;1620142;150137;993443;Capital;TOTAL CAPITAL RATIO (transitional period)
tr_oth.csv;Capital;TR2025;2520143;2420143;2320143;2220143;2120143;2020143;2020143;1920143;1820143;1720143;1620143;;;Capital;COMMON EQUITY TIER 1 CAPITAL (fully loaded)
tr_oth.csv;Capital;TR2025;2520146;2420146;2320146;2220146;2120146;2020146;2020146;1920146;1820146;1720146;1620146;;993448;Capital;COMMON EQUITY TIER 1 CAPITAL RATIO (fully loaded)
tr_oth.csv;Capital;TR2025;2520147;2420147;2320147;2220147;2120147;2020147;2020147;1920147;1820147;;;;;Capital;   Adjustments to CET1 due to IFRS 9 transitional arrangements
tr_oth.csv;Capital;TR2025;2520148;2420148;2320148;2220148;2120148;2020148;2020148;1920148;1820148;;;;;Capital;   Adjustments to AT1 due to IFRS 9 transitional arrangements
tr_oth.csv;Capital;TR2025;2520149;2420149;2320149;2220149;2120149;2020149;2020149;1920149;1820149;;;;;Capital;   Adjustments to T2 due to IFRS 9 transitional arrangements
tr_oth.csv;Capital;TR2025;2520150;2420150;2320150;2220150;2120150;2020150;2020150;1920150;1820150;;;;;Capital;   Adjustments included in RWAs due to IFRS 9 transitional arrangements
tr_oth.csv;Capital;TR2025;2520151;2420151;2320151;2220151;2120151;;;;;;;;;Capital;(-) Insufficient coverage for non-performing exposures
tr_oth.csv;Capital;TR2025;2520152;2420152;2320152;2220152;2120152;;;;;;;;;Capital;(-) Minimum value commitment shortfalls
tr_oth.csv;Capital;TR2025;2520153;2420153;2320153;2220153;2120153;;;;;;;;;Capital;(-) Other foreseeable tax charges
tr_oth.csv;Capital;TR2025;2520154;;;;;;;;;;;;;Capital;TOTAL RISK EXPOSURE AMOUNT - PRE FLOOR
tr_oth.csv;Capital;TR2025;2520155;;;;;;;;;;;;;Capital;COMMON EQUITY TIER 1 CAPITAL RATIO (transitional period - pre floor)
tr_oth.csv;Capital;TR2025;2520156;;;;;;;;;;;;;Capital;TIER 1 CAPITAL RATIO (transitional period  - pre floor)
tr_oth.csv;Capital;TR2025;2520157;;;;;;;;;;;;;Capital;TOTAL CAPITAL RATIO (transitional period  - pre floor)
tr_oth.csv;RWA OV1;TR2025;2520201;2420201;2320201;2220201;2120201;2020201;2020201;1920201;;;;;;RWA;Credit risk (excluding CCR and Securitisations)
tr_oth.csv;RWA OV1;TR2025;2520202;2420202;2320202;2220202;2120202;2020202;2020202;1920202;;;;;;RWA;Credit risk (excluding CCR and Securitisations): Of which the standardised approach
tr_oth.csv;RWA OV1;TR2025;2520203;2420203;2320203;2220203;2120203;2020203;2020203;1920203;;;;;;RWA;Credit risk (excluding CCR and Securitisations): Of which the foundation IRB (FIRB) approach
tr_oth.csv;RWA OV1;TR2025;2520204;2420204;2320204;2220204;2120204;2020204;2020204;1920204;;;;;;RWA;Credit risk (excluding CCR and Securitisations): Of which the advanced IRB (AIRB) approach
tr_oth.csv;RWA OV1;TR2025;2520205;2420205;2320205;2220205;2120205;2020205;2020205;1920205;;;;;;RWA;Credit risk (excluding CCR and Securitisations): Of which equity IRB
tr_oth.csv;RWA OV1;TR2025;2520206;2420206;2320206;2220206;2120206;2020206;2020206;1920206;;;;;;RWA;Counterparty credit risk (CCR, excluding CVA)
tr_oth.csv;RWA OV1;TR2025;2520207;2420207;2320207;2220207;2120207;2020207;2020207;1920207;1820207;1720207;1620207;150207;;RWA;Credit valuation adjustment - CVA
tr_oth.csv;RWA OV1;TR2025;2520208;2420208;2320208;2220208;2120208;2020208;2020208;1920208;;;;;;RWA;Settlement risk
tr_oth.csv;RWA OV1;TR2025;2520209;2420209;2320209;2220209;2120209;2020209;2020209;1920209;1820202;1720202;1620202;150202;;RWA;Securitisation exposures in the banking book (after the cap)
tr_oth.csv;RWA OV1;TR2025;2520210;2420210;2320210;2220210;2120210;2020210;2020210;1920210;1820205;1720205;1620205;150205;;RWA;Position, foreign exchange and commodities risks (Market risk)
tr_oth.csv;RWA OV1;TR2025;2520211;2420211;2320211;2220211;2120211;2020211;2020211;1920211;;;;;;RWA;Position, foreign exchange and commodities risks (Market risk): Of which the standardised approach
tr_oth.csv;RWA OV1;TR2025;2520212;2420212;2320212;2220212;2120212;2020212;2020212;1920212;;;;;;RWA;Position, foreign exchange and commodities risks (Market risk): Of which IMA
tr_oth.csv;RWA OV1;TR2025;2520213;2420213;2320213;2220213;2120213;2020213;2020213;1920213;1820206;1720206;1620206;150206;;RWA;Position, foreign exchange and commodities risks (Market risk): Of which securitisations and resecuritisations in the trading book
tr_oth.csv;RWA OV1;TR2025;2520214;2420214;2320214;2220214;2120214;2020214;2020214;1920214;;;;;;RWA;Large exposures in the trading book
tr_oth.csv;RWA OV1;TR2025;2520215;2420215;2320215;2220215;2120215;2020215;2020215;1920215;1820208;1720208;1620208;150208;;RWA;Operational risk
tr_oth.csv;RWA OV1;TR2025;2520216;2420216;2320216;2220216;2120216;2020216;2020216;1920216;;;;;;RWA;Operational risk : Of which basic indicator approach
tr_oth.csv;RWA OV1;TR2025;2520217;2420217;2320217;2220217;2120217;2020217;2020217;1920217;;;;;;RWA;Operational risk : Of which standardised approach
tr_oth.csv;RWA OV1;TR2025;2520218;2420218;2320218;2220218;2120218;2020218;2020218;1920218;;;;;;RWA;Operational risk : Of which advanced measurement approach
tr_oth.csv;RWA OV1;TR2025;2520219;2420219;2320219;2220219;2120219;2020219;2020219;1920219;;;;;;RWA;Other risk exposure amounts
tr_oth.csv;RWA OV1;TR2025;2520220;2420220;2320220;2220220;2120220;2020220;2020220;1920220;1820210;1720210;1620210;150210;;RWA;Total Risk exposure amount
tr_oth.csv;RWA OV1;TR2025;2520221;;;;;;;;;;;;;RWA;Total risk exposure amount pre-floor
tr_oth.csv;RWA OV1;TR2025;2520222;;;;;;;;;;;;;RWA;Floor adjustment
tr_oth.csv;P&L;TR2025;2520301;2420301;2320301;2220301;2120301;2020301;2020301;1920301;1820301;1720301;1620301;150301;;P&L;Interest income
tr_oth.csv;P&L;TR2025;2520302;2420302;2320302;2220302;2120302;2020302;2020302;1920302;1820302;1720302;1620302;150302;;P&L;Interest income - Of which debt securities income
tr_oth.csv;P&L;TR2025;2520303;2420303;2320303;2220303;2120303;2020303;2020303;1920303;1820303;1720303;1620303;150303;;P&L;Interest income - Of which loans and advances income
tr_oth.csv;P&L;TR2025;2520304;2420304;2320304;2220304;2120304;2020304;2020304;1920304;1820304;1720304;1620304;150304;;P&L;Interest expenses
tr_oth.csv;P&L;TR2025;2520305;2420305;2320305;2220305;2120305;2020305;2020305;1920305;1820305;1720305;1620305;150305;;P&L;Interest expenses - (Of which deposits expenses)
tr_oth.csv;P&L;TR2025;2520306;2420306;2320306;2220306;2120306;2020306;2020306;1920306;1820306;1720306;1620306;150306;;P&L;Interest expenses - (Of which debt securities issued expenses)
tr_oth.csv;P&L;TR2025;2520307;2420307;2320307;2220307;2120307;2020307;2020307;1920307;1820307;1720307;1620307;150307;;P&L;(Expenses on share capital repayable on demand)
tr_oth.csv;P&L;TR2025;2520308;2420308;2320308;2220308;2120308;2020308;2020308;1920308;1820308;1720308;1620308;150308;;P&L;Dividend income
tr_oth.csv;P&L;TR2025;2520309;2420309;2320309;2220309;2120309;2020309;2020309;1920309;1820309;1720309;1620309;150309;;P&L;Net Fee and commission income
tr_oth.csv;P&L;TR2025;2520310;2420310;2320310;2220310;2120310;2020310;2020310;1920310;1820310;1720310;1620310;150310;;P&L;Gains or (-) losses on derecognition of financial assets and liabilities not measured at fair value through profit or loss_ and of non financial assets_ net
tr_oth.csv;P&L;TR2025;2520311;2420311;2320311;2220311;2120311;2020311;2020311;1920311;1820311;1720311;1620311;150311;;P&L;Gains or (-) losses on financial assets and liabilities held for trading_ net
tr_oth.csv;P&L;TR2025;2520312;2420312;2320312;2220312;2120312;2020312;2020312;1920312;1820312;1720312;1620312;150312;;P&L;Gains or (-) losses on financial assets and liabilities designated at fair value through profit or loss_ net
tr_oth.csv;P&L;TR2025;2520313;2420313;2320313;2220313;2120313;2020313;2020313;1920313;1820313;1720313;1620313;150313;;P&L;Gains or (-) losses from hedge accounting_ net
tr_oth.csv;P&L;TR2025;2520314;2420314;2320314;2220314;2120314;2020314;2020314;1920314;1820314;1720314;1620314;150314;;P&L;Exchange differences [gain or (-) loss]_ net
tr_oth.csv;P&L;TR2025;2520315;2420315;2320315;2220315;2120315;2020315;2020315;1920315;1820315;1720315;1620315;150315;;P&L;Net other operating income /(expenses)
tr_oth.csv;P&L;TR2025;2520316;2420316;2320316;2220316;2120316;2020316;2020316;1920316;1820316;1720316;1620316;150316;;P&L;TOTAL OPERATING INCOME_ NET
tr_oth.csv;P&L;TR2025;2520317;2420317;2320317;2220317;2120317;2020317;2020317;1920317;1820317;1720317;1620317;150317;;P&L;(Administrative expenses)
tr_oth.csv;P&L;TR2025;2520318;2420318;2320318;2220318;2120318;2020318;2020318;1920318;1820318;1720318;1620318;150318;;P&L;(Depreciation)
tr_oth.csv;P&L;TR2025;2520319;2420319;2320319;2220319;2120319;2020319;2020319;1920319;1820319;1720319;1620319;150319;;P&L;(Provisions or (-) reversal of provisions)
tr_oth.csv;P&L;TR2025;2520320;2420320;2320320;2220320;2120320;2020320;2020320;1920320;1820320;1720320;1620320;150320;;P&L;(Provisions or (-) reversal of provisions) - (Commitments and guarantees given)
tr_oth.csv;P&L;TR2025;2520321;2420321;2320321;2220321;2120321;2020321;2020321;1920321;1820321;1720321;1620321;150321;;P&L;(Provisions or (-) reversal of provisions) - (Other provisions)
tr_oth.csv;P&L;TR2025;2520322;2420322;2320322;2220322;2120322;2020322;2020322;1920322;1820322;1720322;1620322;150322;;P&L;(Other provisions) - Of which pending legal issues and tax litigation
tr_oth.csv;P&L;TR2025;2520323;2420323;2320323;2220323;2120323;2020323;2020323;1920323;1820323;1720323;1620323;150323;;P&L;(Other provisions) - Of which restructuring
tr_oth.csv;P&L;TR2025;2520324;2420324;2320324;2220324;2120324;2020324;2020324;1920324;1820324;1720324;1620324;150324;;P&L;(Impairment or (-) reversal of impairment on financial assets not measured at fair value through profit or loss)
tr_oth.csv;P&L;TR2025;2520325;2420325;2320325;2220325;2120325;2020325;2020325;1920325;1820325;;;;;P&L;(Financial assets at fair value through other comprehensive income)
tr_oth.csv;P&L;TR2025;2520326;2420326;2320326;2220326;2120326;2020326;2020326;1920326;1820326;;;;;P&L;(Financial assets at amortised cost)
tr_oth.csv;P&L;TR2025;2520327;2420327;2320327;2220327;2120327;2020327;2020327;1920327;1820327;1720327;1620327;150327;;P&L;(Impairment or (-) reversal of impairment of investments in subsidaries_ joint ventures and associates and on non-financial assets)
tr_oth.csv;P&L;TR2025;2520328;2420328;2320328;2220328;2120328;2020328;2020328;1920328;1820328;1720328;1620328;150328;;P&L;(Impairment or (-) reversal of impairment of investments in subsidaries_ joint ventures and associates and on non-financial assets) - (of which Goodwill)
tr_oth.csv;P&L;TR2025;2520329;2420329;2320329;2220329;2120329;2020329;2020329;1920329;1820329;1720329;1620329;150329;;P&L;Negative goodwill recognised in profit or loss
tr_oth.csv;P&L;TR2025;2520330;2420330;2320330;2220330;2120330;2020330;2020330;1920330;1820330;1720330;1620330;150330;;P&L;Share of the profit or (-) loss of investments in subsidaries_ joint ventures and associates
tr_oth.csv;P&L;TR2025;2520331;2420331;2320331;2220331;2120331;2020331;2020331;1920331;1820331;1720331;1620331;150331;;P&L;Profit or (-) loss from non-current assets and disposal groups classified as held for sale not qualifying as discontinued operations
tr_oth.csv;P&L;TR2025;2520332;2420332;2320332;2220332;2120332;2020332;2020332;1920332;1820332;1720332;1620332;150332;;P&L;PROFIT OR (-) LOSS BEFORE TAX FROM CONTINUING OPERATIONS
tr_oth.csv;P&L;TR2025;2520333;2420333;2320333;2220333;2120333;2020333;2020333;1920333;1820333;1720333;1620333;150333;;P&L;PROFIT OR (-) LOSS AFTER TAX FROM CONTINUING OPERATIONS
tr_oth.csv;P&L;TR2025;2520334;2420334;2320334;2220334;2120334;2020334;2020334;1920334;1820334;1720334;1620334;150334;;P&L;Profit  or (-) loss after tax from discontinued operations
tr_oth.csv;P&L;TR2025;2520335;2420335;2320335;2220335;2120335;2020335;2020335;1920335;1820335;1720335;1620335;150335;;P&L;PROFIT OR (-) LOSS FOR THE YEAR
tr_oth.csv;P&L;TR2025;2520336;2420336;2320336;2220336;2120336;2020336;2020336;1920336;1820336;1720336;1620336;150336;;P&L;PROFIT OR (-) LOSS FOR THE YEAR - Of which attributable to owners of the parent
tr_oth.csv;P&L;TR2025;2520337;2420337;2320337;2220337;2120337;2020337;2020337;1920337;1820337;;;;;P&L;(Increases or (-) decreases of the fund for general banking risks, net)
tr_oth.csv;P&L;TR2025;2520338;2420338;2320338;2220338;2120338;2020338;2020338;1920338;1820338;;;;;P&L;Modification gains or (-) losses, net
tr_oth.csv;P&L;TR2025;2520339;2420339;2320339;2220339;2120339;2020339;;;;;;;;P&L;(Cash contributions to resolution funds and deposit guarantee schemes)
tr_oth.csv;P&L;TR2025;2520340;2420340;2320340;2220340;2120340;2020340;;;;;;;;P&L;(Provisions or (-) reversal of provisions) - (payment commitments to resolution funds and deposit guarantee schemes)
tr_mrk.csv;Market Risk;TR2025;2520401;2420401;2320401;2220401;2120401;2020401;2020401;1920401;1820401;1720401;1620401;150401;;Market Risk;TOTAL RISK EXPOSURE AMOUNT
tr_mrk.csv;Market Risk;TR2025;2520402;2420402;2320402;2220402;2120402;2020402;2020402;1920402;1820402;1720402;1620402;150402;;Market Risk;TOTAL RISK EXPOSURE AMOUNT - by Product
tr_mrk.csv;Market Risk;TR2025;2520403;2420403;2320403;2220403;2120403;2020403;2020403;1920403;1820403;1720403;1620403;150403;;Market Risk;TOTAL RISK EXPOSURE AMOUNT - Traded Debt Instruments - by Risk
tr_mrk.csv;Market Risk;TR2025;2520404;2420404;2320404;2220404;2120404;2020404;2020404;1920404;1820404;1720404;1620404;150404;;Market Risk;TOTAL RISK EXPOSURE AMOUNT - Equities - by Risk
tr_mrk.csv;Market Risk;TR2025;2520411;2420411;2320411;2220411;2120411;2020411;2020411;1920411;1820411;1720411;1620411;150411;;Market Risk;VAR - MULTIPLICATION FACTOR (mc) x AVERAGE OF PREVIOUS 60 WORKING DAYS (VaRavg)
tr_mrk.csv;Market Risk;TR2025;2520412;2420412;2320412;2220412;2120412;2020412;2020412;1920412;1820412;1720412;1620412;150412;;Market Risk;VAR - MULTIPLICATION FACTOR (mc) x AVERAGE OF PREVIOUS 60 WORKING DAYS (VaRavg) - by Product
tr_mrk.csv;Market Risk;TR2025;2520413;2420413;2320413;2220413;2120413;2020413;2020413;1920413;1820413;1720413;1620413;150413;;Market Risk;VAR - MULTIPLICATION FACTOR (mc) x AVERAGE OF PREVIOUS 60 WORKING DAYS (VaRavg) - Traded Debt Instruments - by Risk
tr_mrk.csv;Market Risk;TR2025;2520414;2420414;2320414;2220414;2120414;2020414;2020414;1920414;1820414;1720414;1620414;150414;;Market Risk;VAR - MULTIPLICATION FACTOR (mc) x AVERAGE OF PREVIOUS 60 WORKING DAYS (VaRavg) - Equities - by Risk
tr_mrk.csv;Market Risk;TR2025;2520421;2420421;2320421;2220421;2120421;2020421;2020421;1920421;1820421;1720421;1620421;150421;;Market Risk;VAR - PREVIOUS DAY (VaRt-1)
tr_mrk.csv;Market Risk;TR2025;2520422;2420422;2320422;2220422;2120422;2020422;2020422;1920422;1820422;1720422;1620422;150422;;Market Risk;VAR - PREVIOUS DAY (VaRt-1) - by Product
tr_mrk.csv;Market Risk;TR2025;2520423;2420423;2320423;2220423;2120423;2020423;2020423;1920423;1820423;1720423;1620423;150423;;Market Risk;VAR - PREVIOUS DAY (VaRt-1) - Traded Debt Instruments - by Risk
tr_mrk.csv;Market Risk;TR2025;2520424;2420424;2320424;2220424;2120424;2020424;2020424;1920424;1820424;1720424;1620424;150424;;Market Risk;VAR - PREVIOUS DAY (VaRt-1) - Equities - by Risk
tr_mrk.csv;Market Risk;TR2025;2520431;2420431;2320431;2220431;2120431;2020431;2020431;1920431;1820431;1720431;1620431;150431;;Market Risk;SVAR - MULTIPLICATION FACTOR (ms) x AVERAGE OF PREVIOUS 60 WORKING DAYS (SVaRavg)
tr_mrk.csv;Market Risk;TR2025;2520432;2420432;2320432;2220432;2120432;2020432;2020432;1920432;1820432;1720432;1620432;150432;;Market Risk;SVAR - MULTIPLICATION FACTOR (ms) x AVERAGE OF PREVIOUS 60 WORKING DAYS (SVaRavg) - by Product
tr_mrk.csv;Market Risk;TR2025;2520433;2420433;2320433;2220433;2120433;2020433;2020433;1920433;1820433;1720433;1620433;150433;;Market Risk;SVAR - MULTIPLICATION FACTOR (ms) x AVERAGE OF PREVIOUS 60 WORKING DAYS (SVaRavg) - Traded Debt Instruments - by Risk
tr_mrk.csv;Market Risk;TR2025;2520434;2420434;2320434;2220434;2120434;2020434;2020434;1920434;1820434;1720434;1620434;150434;;Market Risk;SVAR - MULTIPLICATION FACTOR (ms) x AVERAGE OF PREVIOUS 60 WORKING DAYS (SVaRavg) - Equities - by Risk
tr_mrk.csv;Market Risk;TR2025;2520441;2420441;2320441;2220441;2120441;2020441;2020441;1920441;1820441;1720441;1620441;150441;;Market Risk;SVAR - LATEST AVAILABLE (SVaRt-1)
tr_mrk.csv;Market Risk;TR2025;2520442;2420442;2320442;2220442;2120442;2020442;2020442;1920442;1820442;1720442;1620442;150442;;Market Risk;SVAR - LATEST AVAILABLE (SVaRt-1) - by Product
tr_mrk.csv;Market Risk;TR2025;2520443;2420443;2320443;2220443;2120443;2020443;2020443;1920443;1820443;1720443;1620443;150443;;Market Risk;SVAR - LATEST AVAILABLE (SVaRt-1) - Traded Debt Instruments - by Risk
tr_mrk.csv;Market Risk;TR2025;2520444;2420444;2320444;2220444;2120444;2020444;2020444;1920444;1820444;1720444;1620444;150444;;Market Risk;SVAR - LATEST AVAILABLE (SVaRt-1) - Equities - by Risk
tr_mrk.csv;Market Risk;TR2025;2520451;2420451;2320451;2220451;2120451;2020451;2020451;1920451;1820451;1720451;1620451;150451;;Market Risk;INCREMENTAL DEFAULT AND MIGRATION RISK CAPITAL CHARGE - 12 WEEKS AVERAGE MEASURE
tr_mrk.csv;Market Risk;TR2025;2520461;2420461;2320461;2220461;2120461;2020461;2020461;1920461;1820461;1720461;1620461;150461;;Market Risk;INCREMENTAL DEFAULT AND MIGRATION RISK CAPITAL CHARGE - LAST MEASURE
tr_mrk.csv;Market Risk;TR2025;2520471;2420471;2320471;2220471;2120471;2020471;2020471;1920471;1820471;1720471;1620471;150471;;Market Risk;ALL PRICE RISKS CAPITAL CHARGE FOR CTP - FLOOR
tr_mrk.csv;Market Risk;TR2025;2520481;2420481;2320481;2220481;2120481;2020481;2020481;1920481;1820481;1720481;1620481;150481;;Market Risk;ALL PRICE RISKS CAPITAL CHARGE FOR CTP - 12 WEEKS AVERAGE MEASURE
tr_mrk.csv;Market Risk;TR2025;2520491;2420491;2320491;2220491;2120491;2020491;2020491;1920491;1820491;1720491;1620491;150491;;Market Risk;ALL PRICE RISKS CAPITAL CHARGE FOR CTP - LAST MEASURE
tr_cre.csv;Credit Risk_STA_a;TR2025;2520501;2420501;2320501;2220501;2120501;2020501;2020501;1920501;1820501;1720501;1620501;150501;;Credit Risk;Original Exposure (SA_and_IRB)
tr_cre.csv;Credit Risk_STA_b;TR2025;2520501;2420501;2320501;2220501;2120501;2020501;2020501;1920501;1820501;1720501;1620501;150501;;Credit Risk;Original Exposure (SA_and_IRB)
tr_cre.csv;Credit Risk_IRB_a;TR2025;2520502;2420502;2320502;2220502;2120502;2020502;2020502;1920502;1820502;1720502;1620502;150502;;Credit Risk;Original Exposure - by exposure class (SA_and_IRB)
tr_cre.csv;Credit Risk_IRB_b;TR2025;2520502;2420502;2320502;2220502;2120502;2020502;2020502;1920502;1820502;1720502;1620502;150502;;Credit Risk;Original Exposure - by exposure class (SA_and_IRB)
tr_cre.csv;Credit Risk_STA_a;TR2025;2520502;2420502;2320502;2220502;2120502;2020502;2020502;1920502;1820502;1720502;1620502;150502;;Credit Risk;Original Exposure - by exposure class (SA_and_IRB)
tr_cre.csv;Credit Risk_STA_b;TR2025;2520502;2420502;2320502;2220502;2120502;2020502;2020502;1920502;1820502;1720502;1620502;150502;;Credit Risk;Original Exposure - by exposure class (SA_and_IRB)
tr_cre.csv;Credit Risk_IRB_a;TR2025;2520503;2420503;2320503;2220503;2120503;2020503;2020503;1920503;1820503;1720503;1620503;150503;;Credit Risk;Original Exposure - SME - by exposure class (SA_and_IRB)
tr_cre.csv;Credit Risk_IRB_b;TR2025;2520503;2420503;2320503;2220503;2120503;2020503;2020503;1920503;1820503;1720503;1620503;150503;;Credit Risk;Original Exposure - SME - by exposure class (SA_and_IRB)
tr_cre.csv;Credit Risk_STA_a;TR2025;2520503;2420503;2320503;2220503;2120503;2020503;2020503;1920503;1820503;1720503;1620503;150503;;Credit Risk;Original Exposure - SME - by exposure class (SA_and_IRB)
tr_cre.csv;Credit Risk_STA_b;TR2025;2520503;2420503;2320503;2220503;2120503;2020503;2020503;1920503;1820503;1720503;1620503;150503;;Credit Risk;Original Exposure - SME - by exposure class (SA_and_IRB)
tr_cre.csv;Credit Risk_IRB_a;TR2025;2520504;2420504;2320504;2220504;2120504;2020504;2020504;1920504;1820504;1720504;1620504;150504;;Credit Risk;Original Exposure - Corporates - Specialised Lending (IRB)
tr_cre.csv;Credit Risk_IRB_b;TR2025;2520504;2420504;2320504;2220504;2120504;2020504;2020504;1920504;1820504;1720504;1620504;150504;;Credit Risk;Original Exposure - Corporates - Specialised Lending (IRB)
tr_cre.csv;Credit Risk_IRB_a;TR2025;2520505;2420505;2320505;2220505;2120505;2020505;2020505;1920505;1820505;1720505;1620505;150505;;Credit Risk;Original Exposure - Retail - by type (IRB)
tr_cre.csv;Credit Risk_IRB_b;TR2025;2520505;2420505;2320505;2220505;2120505;2020505;2020505;1920505;1820505;1720505;1620505;150505;;Credit Risk;Original Exposure - Retail - by type (IRB)
tr_cre.csv;Credit Risk_IRB_a;TR2025;2520506;2420506;2320506;2220506;2120506;2020506;2020506;1920506;1820506;1720506;1620506;150506;;Credit Risk;Original Exposure - Retail_non SME - by type (IRB)
tr_cre.csv;Credit Risk_IRB_b;TR2025;2520506;2420506;2320506;2220506;2120506;2020506;2020506;1920506;1820506;1720506;1620506;150506;;Credit Risk;Original Exposure - Retail_non SME - by type (IRB)
tr_cre.csv;Credit Risk_IRB_a;TR2025;2520512;2420512;2320512;2220512;2120512;2020512;2020512;1920512;1820512;1720512;1620512;150512;;Credit Risk;Original Exposure - of which_DEFAULTED - by exposure class (SA_and_IRB)
tr_cre.csv;Credit Risk_IRB_b;TR2025;2520512;2420512;2320512;2220512;2120512;2020512;2020512;1920512;1820512;1720512;1620512;150512;;Credit Risk;Original Exposure - of which_DEFAULTED - by exposure class (SA_and_IRB)
tr_cre.csv;Credit Risk_IRB_a;TR2025;2520513;2420513;2320513;2220513;2120513;2020513;2020513;1920513;1820513;1720513;1620513;150513;;Credit Risk;Original Exposure - SME_of which_DEFAULTED - by exposure class (SA_and_IRB)
tr_cre.csv;Credit Risk_IRB_b;TR2025;2520513;2420513;2320513;2220513;2120513;2020513;2020513;1920513;1820513;1720513;1620513;150513;;Credit Risk;Original Exposure - SME_of which_DEFAULTED - by exposure class (SA_and_IRB)
tr_cre.csv;Credit Risk_IRB_a;TR2025;2520514;2420514;2320514;2220514;2120514;2020514;2020514;1920514;1820514;1720514;1620514;150514;;Credit Risk;Original Exposure - Corporates_Specialised Lending - of which_DEFAULTED (IRB)
tr_cre.csv;Credit Risk_IRB_b;TR2025;2520514;2420514;2320514;2220514;2120514;2020514;2020514;1920514;1820514;1720514;1620514;150514;;Credit Risk;Original Exposure - Corporates_Specialised Lending - of which_DEFAULTED (IRB)
tr_cre.csv;Credit Risk_IRB_a;TR2025;2520515;2420515;2320515;2220515;2120515;2020515;2020515;1920515;1820515;1720515;1620515;150515;;Credit Risk;Original Exposure - Retail of which_DEFAULTED - by type (IRB)
tr_cre.csv;Credit Risk_IRB_b;TR2025;2520515;2420515;2320515;2220515;2120515;2020515;2020515;1920515;1820515;1720515;1620515;150515;;Credit Risk;Original Exposure - Retail of which_DEFAULTED - by type (IRB)
tr_cre.csv;Credit Risk_IRB_a;TR2025;2520516;2420516;2320516;2220516;2120516;2020516;2020516;1920516;1820516;1720516;1620516;150516;;Credit Risk;Original Exposure - Retail - non SME - of which_DEFAULTED - by type (IRB)
tr_cre.csv;Credit Risk_IRB_b;TR2025;2520516;2420516;2320516;2220516;2120516;2020516;2020516;1920516;1820516;1720516;1620516;150516;;Credit Risk;Original Exposure - Retail - non SME - of which_DEFAULTED - by type (IRB)
tr_cre.csv;Credit Risk_STA_a;TR2025;2520521;2420521;2320521;2220521;2120521;2020521;2020521;1920521;1820521;1720521;1620521;150521;;Credit Risk;Exposure value (SA_and_IRB)
tr_cre.csv;Credit Risk_STA_b;TR2025;2520521;2420521;2320521;2220521;2120521;2020521;2020521;1920521;1820521;1720521;1620521;150521;;Credit Risk;Exposure value (SA_and_IRB)
tr_cre.csv;Credit Risk_IRB_a;TR2025;2520522;2420522;2320522;2220522;2120522;2020522;2020522;1920522;1820522;1720522;1620522;150522;;Credit Risk;Exposure value - by exposure class (SA_and_IRB)
tr_cre.csv;Credit Risk_IRB_b;TR2025;2520522;2420522;2320522;2220522;2120522;2020522;2020522;1920522;1820522;1720522;1620522;150522;;Credit Risk;Exposure value - by exposure class (SA_and_IRB)
tr_cre.csv;Credit Risk_STA_a;TR2025;2520522;2420522;2320522;2220522;2120522;2020522;2020522;1920522;1820522;1720522;1620522;150522;;Credit Risk;Exposure value - by exposure class (SA_and_IRB)
tr_cre.csv;Credit Risk_STA_b;TR2025;2520522;2420522;2320522;2220522;2120522;2020522;2020522;1920522;1820522;1720522;1620522;150522;;Credit Risk;Exposure value - by exposure class (SA_and_IRB)
tr_cre.csv;Credit Risk_IRB_a;TR2025;2520523;2420523;2320523;2220523;2120523;2020523;2020523;1920523;1820523;1720523;1620523;150523;;Credit Risk;Exposure value - SME - by exposure class (SA_and_IRB)
tr_cre.csv;Credit Risk_IRB_b;TR2025;2520523;2420523;2320523;2220523;2120523;2020523;2020523;1920523;1820523;1720523;1620523;150523;;Credit Risk;Exposure value - SME - by exposure class (SA_and_IRB)
tr_cre.csv;Credit Risk_STA_a;TR2025;2520523;2420523;2320523;2220523;2120523;2020523;2020523;1920523;1820523;1720523;1620523;150523;;Credit Risk;Exposure value - SME - by exposure class (SA_and_IRB)
tr_cre.csv;Credit Risk_STA_b;TR2025;2520523;2420523;2320523;2220523;2120523;2020523;2020523;1920523;1820523;1720523;1620523;150523;;Credit Risk;Exposure value - SME - by exposure class (SA_and_IRB)
tr_cre.csv;Credit Risk_IRB_a;TR2025;2520524;2420524;2320524;2220524;2120524;2020524;2020524;1920524;1820524;1720524;1620524;150524;;Credit Risk;Exposure value - Corporates_Specialised Lending (IRB)
tr_cre.csv;Credit Risk_IRB_b;TR2025;2520524;2420524;2320524;2220524;2120524;2020524;2020524;1920524;1820524;1720524;1620524;150524;;Credit Risk;Exposure value - Corporates_Specialised Lending (IRB)
tr_cre.csv;Credit Risk_IRB_a;TR2025;2520525;2420525;2320525;2220525;2120525;2020525;2020525;1920525;1820525;1720525;1620525;150525;;Credit Risk;Exposure value - Retail - by type (IRB)
tr_cre.csv;Credit Risk_IRB_b;TR2025;2520525;2420525;2320525;2220525;2120525;2020525;2020525;1920525;1820525;1720525;1620525;150525;;Credit Risk;Exposure value - Retail - by type (IRB)
tr_cre.csv;Credit Risk_IRB_a;TR2025;2520526;2420526;2320526;2220526;2120526;2020526;2020526;1920526;1820526;1720526;1620526;150526;;Credit Risk;Exposure value - Retail - non SME - by type (IRB)
tr_cre.csv;Credit Risk_IRB_b;TR2025;2520526;2420526;2320526;2220526;2120526;2020526;2020526;1920526;1820526;1720526;1620526;150526;;Credit Risk;Exposure value - Retail - non SME - by type (IRB)
tr_cre.csv;Credit Risk_IRB_a;TR2025;2520531;2420531;2320531;2220531;2120531;2020531;2020531;1920531;1820531;1720531;1620531;150531;;Credit Risk;Risk exposure amount (SA_and_IRB)
tr_cre.csv;Credit Risk_IRB_b;TR2025;2520531;2420531;2320531;2220531;2120531;2020531;2020531;1920531;1820531;1720531;1620531;150531;;Credit Risk;Risk exposure amount (SA_and_IRB)
tr_cre.csv;Credit Risk_STA_a;TR2025;2520531;2420531;2320531;2220531;2120531;2020531;2020531;1920531;1820531;1720531;1620531;150531;;Credit Risk;Risk exposure amount (SA_and_IRB)
tr_cre.csv;Credit Risk_STA_b;TR2025;2520531;2420531;2320531;2220531;2120531;2020531;2020531;1920531;1820531;1720531;1620531;150531;;Credit Risk;Risk exposure amount (SA_and_IRB)
tr_cre.csv;Credit Risk_IRB_a;TR2025;2520532;2420532;2320532;2220532;2120532;2020532;2020532;1920532;1820532;1720532;1620532;150532;;Credit Risk;Risk exposure amount - by exposure class (SA_and_IRB)
tr_cre.csv;Credit Risk_IRB_b;TR2025;2520532;2420532;2320532;2220532;2120532;2020532;2020532;1920532;1820532;1720532;1620532;150532;;Credit Risk;Risk exposure amount - by exposure class (SA_and_IRB)
tr_cre.csv;Credit Risk_STA_a;TR2025;2520532;2420532;2320532;2220532;2120532;2020532;2020532;1920532;1820532;1720532;1620532;150532;;Credit Risk;Risk exposure amount - by exposure class (SA_and_IRB)
tr_cre.csv;Credit Risk_STA_b;TR2025;2520532;2420532;2320532;2220532;2120532;2020532;2020532;1920532;1820532;1720532;1620532;150532;;Credit Risk;Risk exposure amount - by exposure class (SA_and_IRB)
tr_cre.csv;Credit Risk_IRB_a;TR2025;2520533;2420533;2320533;2220533;2120533;2020533;2020533;1920533;1820533;1720533;1620533;150533;;Credit Risk;Risk exposure amount - SME - by exposure class (SA_and_IRB)
tr_cre.csv;Credit Risk_IRB_b;TR2025;2520533;2420533;2320533;2220533;2120533;2020533;2020533;1920533;1820533;1720533;1620533;150533;;Credit Risk;Risk exposure amount - SME - by exposure class (SA_and_IRB)
tr_cre.csv;Credit Risk_STA_a;TR2025;2520533;2420533;2320533;2220533;2120533;2020533;2020533;1920533;1820533;1720533;1620533;150533;;Credit Risk;Risk exposure amount - SME - by exposure class (SA_and_IRB)
tr_cre.csv;Credit Risk_STA_b;TR2025;2520533;2420533;2320533;2220533;2120533;2020533;2020533;1920533;1820533;1720533;1620533;150533;;Credit Risk;Risk exposure amount - SME - by exposure class (SA_and_IRB)
tr_cre.csv;Credit Risk_IRB_a;TR2025;2520534;2420534;2320534;2220534;2120534;2020534;2020534;1920534;1820534;1720534;1620534;150534;;Credit Risk;Risk Exposure amount - Corporates_Specialised Lending (IRB)
tr_cre.csv;Credit Risk_IRB_b;TR2025;2520534;2420534;2320534;2220534;2120534;2020534;2020534;1920534;1820534;1720534;1620534;150534;;Credit Risk;Risk Exposure amount - Corporates_Specialised Lending (IRB)
tr_cre.csv;Credit Risk_IRB_a;TR2025;2520535;2420535;2320535;2220535;2120535;2020535;2020535;1920535;1820535;1720535;1620535;150535;;Credit Risk;Risk Exposure amount - Retail - by type (IRB)
tr_cre.csv;Credit Risk_IRB_b;TR2025;2520535;2420535;2320535;2220535;2120535;2020535;2020535;1920535;1820535;1720535;1620535;150535;;Credit Risk;Risk Exposure amount - Retail - by type (IRB)
tr_cre.csv;Credit Risk_IRB_a;TR2025;2520536;2420536;2320536;2220536;2120536;2020536;2020536;1920536;1820536;1720536;1620536;150536;;Credit Risk;Risk Exposure amount - Retail - non SME - by type (IRB)
tr_cre.csv;Credit Risk_IRB_b;TR2025;2520536;2420536;2320536;2220536;2120536;2020536;2020536;1920536;1820536;1720536;1620536;150536;;Credit Risk;Risk Exposure amount - Retail - non SME - by type (IRB)
tr_cre.csv;Credit Risk_IRB_a;TR2025;2520542;2420542;2320542;2220542;2120542;2020542;2020542;1920542;1820542;1720542;1620542;150542;;Credit Risk;Risk Exposure amount - of which_DEFAULTED  - by exposure class (IRB)
tr_cre.csv;Credit Risk_IRB_b;TR2025;2520542;2420542;2320542;2220542;2120542;2020542;2020542;1920542;1820542;1720542;1620542;150542;;Credit Risk;Risk Exposure amount - of which_DEFAULTED  - by exposure class (IRB)
tr_cre.csv;Credit Risk_IRB_a;TR2025;2520543;2420543;2320543;2220543;2120543;2020543;2020543;1920543;1820543;1720543;1620543;150543;;Credit Risk;Risk Exposure amount - SME - of which_DEFAULTED  - by exposure class (IRB)
tr_cre.csv;Credit Risk_IRB_b;TR2025;2520543;2420543;2320543;2220543;2120543;2020543;2020543;1920543;1820543;1720543;1620543;150543;;Credit Risk;Risk Exposure amount - SME - of which_DEFAULTED  - by exposure class (IRB)
tr_cre.csv;Credit Risk_IRB_a;TR2025;2520544;2420544;2320544;2220544;2120544;2020544;2020544;1920544;1820544;1720544;1620544;150544;;Credit Risk;Risk Exposure amount - Corporates_Specialised Lending - of which_DEFAULTED (IRB)
tr_cre.csv;Credit Risk_IRB_b;TR2025;2520544;2420544;2320544;2220544;2120544;2020544;2020544;1920544;1820544;1720544;1620544;150544;;Credit Risk;Risk Exposure amount - Corporates_Specialised Lending - of which_DEFAULTED (IRB)
tr_cre.csv;Credit Risk_IRB_a;TR2025;2520545;2420545;2320545;2220545;2120545;2020545;2020545;1920545;1820545;1720545;1620545;150545;;Credit Risk;Risk Exposure amount - Retail - of which_DEFAULTED  - by type (IRB)
tr_cre.csv;Credit Risk_IRB_b;TR2025;2520545;2420545;2320545;2220545;2120545;2020545;2020545;1920545;1820545;1720545;1620545;150545;;Credit Risk;Risk Exposure amount - Retail - of which_DEFAULTED  - by type (IRB)
tr_cre.csv;Credit Risk_IRB_a;TR2025;2520546;2420546;2320546;2220546;2120546;2020546;2020546;1920546;1820546;1720546;1620546;150546;;Credit Risk;Risk Exposure amount - Retail - non SME - of which_DEFAULTED - by type (IRB)
tr_cre.csv;Credit Risk_IRB_b;TR2025;2520546;2420546;2320546;2220546;2120546;2020546;2020546;1920546;1820546;1720546;1620546;150546;;Credit Risk;Risk Exposure amount - Retail - non SME - of which_DEFAULTED - by type (IRB)
tr_cre.csv;Credit Risk_STA_a;TR2025;2520551;2420551;2320551;2220551;2120551;2020551;2020551;1920551;1820551;1720551;1620551;150551;;Credit Risk;Value adjustments and provisions (SA_and_IRB)
tr_cre.csv;Credit Risk_STA_b;TR2025;2520551;2420551;2320551;2220551;2120551;2020551;2020551;1920551;1820551;1720551;1620551;150551;;Credit Risk;Value adjustments and provisions (SA_and_IRB)
tr_cre.csv;Credit Risk_IRB_a;TR2025;2520552;2420552;2320552;2220552;2120552;2020552;2020552;1920552;1820552;1720552;1620552;150552;;Credit Risk;Value adjustments and provisions - by exposure class (SA_and_IRB)
tr_cre.csv;Credit Risk_IRB_b;TR2025;2520552;2420552;2320552;2220552;2120552;2020552;2020552;1920552;1820552;1720552;1620552;150552;;Credit Risk;Value adjustments and provisions - by exposure class (SA_and_IRB)
tr_cre.csv;Credit Risk_STA_a;TR2025;2520552;2420552;2320552;2220552;2120552;2020552;2020552;1920552;1820552;1720552;1620552;150552;;Credit Risk;Value adjustments and provisions - by exposure class (SA_and_IRB)
tr_cre.csv;Credit Risk_STA_b;TR2025;2520552;2420552;2320552;2220552;2120552;2020552;2020552;1920552;1820552;1720552;1620552;150552;;Credit Risk;Value adjustments and provisions - by exposure class (SA_and_IRB)
tr_cre.csv;Credit Risk_IRB_a;TR2025;2520553;2420553;2320553;2220553;2120553;2020553;2020553;1920553;1820553;1720553;1620553;150553;;Credit Risk;Value adjustments and provisions - SME - by exposure class (SA_and_IRB)
tr_cre.csv;Credit Risk_IRB_b;TR2025;2520553;2420553;2320553;2220553;2120553;2020553;2020553;1920553;1820553;1720553;1620553;150553;;Credit Risk;Value adjustments and provisions - SME - by exposure class (SA_and_IRB)
tr_cre.csv;Credit Risk_IRB_a;TR2025;2520554;2420554;2320554;2220554;2120554;2020554;2020554;1920554;1820554;1720554;1620554;150554;;Credit Risk;Value adjustments and provisions - Corporates_Specialised Lending (IRB)
tr_cre.csv;Credit Risk_IRB_b;TR2025;2520554;2420554;2320554;2220554;2120554;2020554;2020554;1920554;1820554;1720554;1620554;150554;;Credit Risk;Value adjustments and provisions - Corporates_Specialised Lending (IRB)
tr_cre.csv;Credit Risk_IRB_a;TR2025;2520555;2420555;2320555;2220555;2120555;2020555;2020555;1920555;1820555;1720555;1620555;150555;;Credit Risk;Value adjustments and provisions - Retail - by type (IRB)
tr_cre.csv;Credit Risk_IRB_b;TR2025;2520555;2420555;2320555;2220555;2120555;2020555;2020555;1920555;1820555;1720555;1620555;150555;;Credit Risk;Value adjustments and provisions - Retail - by type (IRB)
tr_cre.csv;Credit Risk_IRB_a;TR2025;2520556;2420556;2320556;2220556;2120556;2020556;2020556;1920556;1820556;1720556;1620556;150556;;Credit Risk;Value adjustments and provisions - Retail - non SME - by type (IRB)
tr_cre.csv;Credit Risk_IRB_b;TR2025;2520556;2420556;2320556;2220556;2120556;2020556;2020556;1920556;1820556;1720556;1620556;150556;;Credit Risk;Value adjustments and provisions - Retail - non SME - by type (IRB)
tr_cre.csv;NPE;TR2025;2520601;2420601;2320601;2220601;2120601;2020601;2020601;1920601;1820601;1720601;1620601;150601;;NPE;Gross carrying amount on DEBT INSTRUMENTS other than HFT
tr_cre.csv;NPE;TR2025;2520602;2420602;2320602;2220602;2120602;2020602;2020602;1920602;1820602;1720602;1620602;150602;;NPE;Gross carrying amount on Debt securities (including at amortised cost  and fair value)
tr_cre.csv;NPE;TR2025;2520603;2420603;2320603;2220603;2120603;2020603;2020603;1920603;1820603;1720603;1620603;150603;;NPE;Gross carrying amount on Loans and advances (including at amortised cost  and fair value)
tr_cre.csv;NPE;TR2025;2520604;2420604;2320604;2220604;2120604;2020604;2020604;1920604;1820604;1720604;1620604;150604;;NPE;Gross carrying amount on Debt securities (including at amortised cost  and fair value) - by exposure
tr_cre.csv;NPE;TR2025;2520605;2420605;2320605;2220605;2120605;2020605;2020605;1920605;1820605;1720605;1620605;150605;;NPE;Gross carrying amount on Loans and advances (including at amortised cost  and fair value) - by exposure
tr_cre.csv;NPE;TR2025;2520606;2420606;2320606;2220606;2120606;2020606;2020606;1920606;1820606;1720606;1620606;150606;;NPE;Gross carrying amount on OFF-BALANCE SHEET EXPOSURES
tr_cre.csv;NPE;TR2025;2520608;2420608;2320608;2220608;2120608;2020608;;;;;;;;NPE;Gross carrying amount on Cash balances at central banks and other demand deposits
tr_cre.csv;NPE;TR2025;2520611;2420611;2320611;2220611;2120611;2020611;2020611;1920611;1820611;1720611;1620611;150611;;NPE;Accumulated impairment, accumulated changes in fair value due to credit risk and provisions on DEBT INSTRUMENTS other than HFT
tr_cre.csv;NPE;TR2025;2520612;2420612;2320612;2220612;2120612;2020612;2020612;1920612;1820612;1720612;1620612;150612;;NPE;Accumulated impairment, accumulated changes in fair value due to credit risk and provisions on Debt securities (including at amortised cost  and fair value)
tr_cre.csv;NPE;TR2025;2520613;2420613;2320613;2220613;2120613;2020613;2020613;1920613;1820613;1720613;1620613;150613;;NPE;Accumulated impairment, accumulated changes in fair value due to credit risk and provisions on Loans and advances (including at amortised cost  and fair value)
tr_cre.csv;NPE;TR2025;2520614;2420614;2320614;2220614;2120614;2020614;2020614;1920614;1820614;1720614;1620614;150614;;NPE;Accumulated impairment, accumulated changes in fair value due to credit risk and provisions on Debt securities (including at amortised cost  and fair value) - by exposure
tr_cre.csv;NPE;TR2025;2520615;2420615;2320615;2220615;2120615;2020615;2020615;1920615;1820615;1720615;1620615;150615;;NPE;Accumulated impairment, accumulated changes in fair value due to credit risk and provisions on Loans and advances (including at amortised cost  and fair value) - by exposure
tr_cre.csv;NPE;TR2025;2520616;2420616;2320616;2220616;2120616;2020616;2020616;1920616;1820616;1720616;1620616;150616;;NPE;Accumulated impairment, accumulated changes in fair value due to credit risk and provisions on OFF-BALANCE SHEET EXPOSURES
tr_cre.csv;NPE;TR2025;2520618;2420618;2320618;2220618;2120618;2020618;;;;;;;;NPE;Accumulated impairment, accumulated changes in fair value due to credit risk and provisions on Cash balances at central banks and other demand deposits
tr_cre.csv;NPE;TR2025;2520621;2420621;2320621;2220621;2120621;2020621;2020621;1920621;1820621;1720621;1620621;150621;;NPE;Collaterals and financial guarantees received on non-performing exposures on DEBT INSTRUMENTS other than HFT
tr_cre.csv;NPE;TR2025;2520622;2420622;2320622;2220622;2120622;2020622;2020622;1920622;1820622;1720622;1620622;150622;;NPE;Collaterals and financial guarantees received on non-performing exposures on Debt securities (including at amortised cost  and fair value)
tr_cre.csv;NPE;TR2025;2520623;2420623;2320623;2220623;2120623;2020623;2020623;1920623;1820623;1720623;1620623;150623;;NPE;Collaterals and financial guarantees received on non-performing exposures on Loans and advances (including at amortised cost  and fair value)
tr_cre.csv;NPE;TR2025;2520624;2420624;2320624;2220624;2120624;2020624;2020624;1920624;1820624;1720624;1620624;150624;;NPE;Collaterals and financial guarantees received on non-performing exposures on Debt securities (including at amortised cost  and fair value) - by exposure
tr_cre.csv;NPE;TR2025;2520625;2420625;2320625;2220625;2120625;2020625;2020625;1920625;1820625;1720625;1620625;150625;;NPE;Collaterals and financial guarantees received on non-performing exposures on Loans and advances (including at amortised cost  and fair value) - by exposure
tr_cre.csv;NPE;TR2025;2520626;2420626;2320626;2220626;2120626;2020626;2020626;1920626;1820626;1720626;1620626;150626;;NPE;Collaterals and financial guarantees received on non-performing exposures on OFF-BALANCE SHEET EXPOSURES
tr_cre.csv;NPE;TR2025;2520628;2420628;2320628;2220628;2120628;2020628;;;;;;;;NPE;Collaterals and financial guarantees received on non-performing exposures on Cash balances at central banks and other demand deposits
tr_cre.csv;Forborne exposures;TR2025;2520701;2420701;2320701;2220701;2120701;2020701;2020701;1920701;1820701;1720701;1620701;150701;;Forborne exposures;Exposures with forbearance measures - Gross carrying amount on DEBT INSTRUMENTS other than HFT
tr_cre.csv;Forborne exposures;TR2025;2520702;2420702;2320702;2220702;2120702;2020702;2020702;1920702;1820702;1720702;1620702;150702;;Forborne exposures;Exposures with forbearance measures - Gross carrying amount on Debt securities (including at amortised cost  and fair value)
tr_cre.csv;Forborne exposures;TR2025;2520703;2420703;2320703;2220703;2120703;2020703;2020703;1920703;1820703;1720703;1620703;150703;;Forborne exposures;Exposures with forbearance measures - Gross carrying amount on Loans and advances (including at amortised cost  and fair value)
tr_cre.csv;Forborne exposures;TR2025;2520704;2420704;2320704;2220704;2120704;2020704;2020704;1920704;1820704;1720704;1620704;150704;;Forborne exposures;Exposures with forbearance measures - Gross carrying amount on Debt securities (including at amortised cost  and fair value) - by exposure
tr_cre.csv;Forborne exposures;TR2025;2520705;2420705;2320705;2220705;2120705;2020705;2020705;1920705;1820705;1720705;1620705;150705;;Forborne exposures;Exposures with forbearance measures - Gross carrying amount on Loans and advances (including at amortised cost  and fair value) - by exposure
tr_cre.csv;Forborne exposures;TR2025;2520706;2420706;2320706;2220706;2120706;2020706;2020706;1920706;1820706;1720706;1620706;150706;;Forborne exposures;Exposures with forbearance measures - Gross carrying amount on Loan commitments given
tr_cre.csv;Forborne exposures;TR2025;2520708;2420708;2320708;2220708;2120708;2020708;;;;;;;;Forborne exposures;Exposures with forbearance measures - Gross carrying amount on Cash balances at central banks and other demand deposits
tr_cre.csv;Forborne exposures;TR2025;2520709;2420709;2320709;2220709;2120709;2020709;;;;;;;;Forborne exposures;Quality of forbearance Gross carrying amount on Loans and advances that have been forborne more than twice
tr_cre.csv;Forborne exposures;TR2025;2520710;2420710;2320710;2220710;2120710;2020710;;;;;;;;Forborne exposures;Quality of forbearance Gross carrying amount on Non-performing forborne loans and advances that failed to meet the non-performing exit criteria
tr_cre.csv;Forborne exposures;TR2025;2520711;2420711;2320711;2220711;2120711;2020711;2020711;1920711;1820711;1720711;1620711;150711;;Forborne exposures;Exposures with forbearance measures - Accumulated impairment, accumulated changes in fair value due to credit risk and provisions on DEBT INSTRUMENTS other than HFT
tr_cre.csv;Forborne exposures;TR2025;2520712;2420712;2320712;2220712;2120712;2020712;2020712;1920712;1820712;1720712;1620712;150712;;Forborne exposures;Exposures with forbearance measures - Accumulated impairment, accumulated changes in fair value due to credit risk and provisions on Debt securities (including at amortised cost  and fair value)
tr_cre.csv;Forborne exposures;TR2025;2520713;2420713;2320713;2220713;2120713;2020713;2020713;1920713;1820713;1720713;1620713;150713;;Forborne exposures;Exposures with forbearance measures - Accumulated impairment, accumulated changes in fair value due to credit risk and provisions on Loans and advances (including at amortised cost  and fair value)
tr_cre.csv;Forborne exposures;TR2025;2520714;2420714;2320714;2220714;2120714;2020714;2020714;1920714;1820714;1720714;1620714;150714;;Forborne exposures;Exposures with forbearance measures - Accumulated impairment, accumulated changes in fair value due to credit risk and provisions on Debt securities (including at amortised cost  and fair value) - by exposure
tr_cre.csv;Forborne exposures;TR2025;2520715;2420715;2320715;2220715;2120715;2020715;2020715;1920715;1820715;1720715;1620715;150715;;Forborne exposures;Exposures with forbearance measures - Accumulated impairment, accumulated changes in fair value due to credit risk and provisions on Loans and advances (including at amortised cost  and fair value) - by exposure
tr_cre.csv;Forborne exposures;TR2025;2520716;2420716;2320716;2220716;2120716;2020716;2020716;1920716;1820716;1720716;1620716;150716;;Forborne exposures;Exposures with forbearance measures - Accumulated impairment, accumulated changes in fair value due to credit risk and provisions on Loan commitments given
tr_cre.csv;Forborne exposures;TR2025;2520718;2420718;2320718;2220718;2120718;2020718;;;;;;;;Forborne exposures;Exposures with forbearance measures - Accumulated impairment, accumulated changes in fair value due to credit risk and provisions on Cash balances at central banks and other demand deposits
tr_cre.csv;Forborne exposures;TR2025;2520721;2420721;2320721;2220721;2120721;2020721;2020721;1920721;1820721;1720721;1620721;150721;;Forborne exposures;Exposures with forbearance measures - Collateral and financial guarantees received on DEBT INSTRUMENTS other than HFT
tr_cre.csv;Forborne exposures;TR2025;2520722;2420722;2320722;2220722;2120722;2020722;2020722;1920722;1820722;1720722;1620722;150722;;Forborne exposures;Exposures with forbearance measures - Collateral and financial guarantees received on Debt securities (including at amortised cost  and fair value)
tr_cre.csv;Forborne exposures;TR2025;2520723;2420723;2320723;2220723;2120723;2020723;2020723;1920723;1820723;1720723;1620723;150723;;Forborne exposures;Exposures with forbearance measures - Collateral and financial guarantees received on Loans and advances (including at amortised cost  and fair value)
tr_cre.csv;Forborne exposures;TR2025;2520724;2420724;2320724;2220724;2120724;2020724;2020724;1920724;1820724;1720724;1620724;150724;;Forborne exposures;Exposures with forbearance measures - Collateral and financial guarantees received on Debt securities (including at amortised cost  and fair value) - by exposure
tr_cre.csv;Forborne exposures;TR2025;2520725;2420725;2320725;2220725;2120725;2020725;2020725;1920725;1820725;1720725;1620725;150725;;Forborne exposures;Exposures with forbearance measures - Collateral and financial guarantees received on Loans and advances (including at amortised cost  and fair value) - by exposure
tr_cre.csv;Forborne exposures;TR2025;2520726;2420726;2320726;2220726;2120726;2020726;2020726;1920726;1820726;1720726;1620726;150726;;Forborne exposures;Exposures with forbearance measures - Collateral and financial guarantees received on Loan commitments given
tr_cre.csv;Forborne exposures;TR2025;2520728;2420728;2320728;2220728;2120728;2020728;;;;;;;;Forborne exposures;Exposures with forbearance measures - Collateral and financial guarantees received on Cash balances at central banks and other demand deposits
tr_sov.csv;Sovereign;TR2025;2520810;2420810;2320810;2220810;2120810;2020810;2020810;1920810;1820810;;;;;Sovereign;Direct exposures - On balance sheet - Total gross carrying amount of non-derivative financial assets
tr_sov.csv;Sovereign;TR2025;2520811;2420811;2320811;2220811;2120811;2020811;2020811;1920811;1820811;;;;;Sovereign;Direct exposures - On balance sheet - Total carrying amount of non-derivative financial assets (net of short positions)
tr_sov.csv;Sovereign;TR2025;2520812;2420812;2320812;2220812;2120812;2020812;2020812;1920812;1820812;;;;;Sovereign;Direct exposures - On balance sheet - Non-derivative financial assets by accounting portfolio of which: Financial assets held for trading
tr_sov.csv;Sovereign;TR2025;2520813;2420813;2320813;2220813;2120813;2020813;2020813;1920813;1820813;;;;;Sovereign;Direct exposures - On balance sheet - Non-derivative financial assets by accounting portfolio of which: Financial assets designated at fair value through profit or loss
tr_sov.csv;Sovereign;TR2025;2520814;2420814;2320814;2220814;2120814;2020814;2020814;1920814;1820814;;;;;Sovereign;Direct exposures - On balance sheet - Non-derivative financial assets by accounting portfolio of which: Financial assets at fair value through other comprehensive income
tr_sov.csv;Sovereign;TR2025;2520815;2420815;2320815;2220815;2120815;2020815;2020815;1920815;1820815;;;;;Sovereign;Direct exposures - On balance sheet - Non-derivative financial assets by accounting portfolio of which: Financial assets at amortised cost
tr_sov.csv;Sovereign;TR2025;2520816;2420816;2320816;2220816;2120816;2020816;2020816;1920816;1820816;;;150908;993308;Sovereign;Direct exposures - Derivatives - Derivatives with positive fair value  - Carrying amount
tr_sov.csv;Sovereign;TR2025;2520817;2420817;2320817;2220817;2120817;2020817;2020817;1920817;1820817;;;150907;993307;Sovereign;Direct exposures - Derivatives - Derivatives with positive fair value  - Notional amount
tr_sov.csv;Sovereign;TR2025;2520818;2420818;2320818;2220818;2120818;2020818;2020818;1920818;1820818;;;150910;993310;Sovereign;Direct exposures - Derivatives - Derivatives with negative fair value - Carrying amount
tr_sov.csv;Sovereign;TR2025;2520819;2420819;2320819;2220819;2120819;2020819;2020819;1920819;1820819;;;150909;993309;Sovereign;Direct exposures - Derivatives - Derivatives with negative fair value - Notional amount
tr_sov.csv;Sovereign;TR2025;2520820;2420820;2320820;2220820;2120820;2020820;2020820;1920820;1820820;;;;;Sovereign;Direct exposures - Off balance sheet  - Off-balance sheet exposures - Nominal
tr_sov.csv;Sovereign;TR2025;2520821;2420821;2320821;2220821;2120821;2020821;2020821;1920821;1820821;;;;;Sovereign;Direct exposures - Off balance sheet  - Off-balance sheet exposures - Provisions
tr_sov.csv;Sovereign;TR2025;2520822;2420822;2320822;2220822;2120822;2020822;2020822;1920822;1820822;;;;;Sovereign;Risk weighted exposure amount
tr_oth.csv;Leverage;TR2025;2520901;2420901;2320901;2220901;2120901;2020901;2020901;1920901;1820901;1720901;1620133;150130;993432;Leverage;Tier 1 capital - transitional definition (numerator of Leverage ratio)
tr_oth.csv;Leverage;TR2025;2520902;2420902;2320902;2220902;2120902;2020902;2020902;1920902;1820902;1720902;;;;Leverage;Tier 1 capital - fully phased-in definition
tr_oth.csv;Leverage;TR2025;2520903;2420903;2320903;2220903;2120903;2020903;2020903;1920903;1820903;1720903;;151002;;Leverage;Total leverage ratio exposures - using a transitional definition of Tier 1 capital
tr_oth.csv;Leverage;TR2025;2520904;2420904;2320904;2220904;2120904;2020904;2020904;1920904;1820904;1720904;;;;Leverage;Total leverage ratio exposures - using a fully phased-in definition of Tier 1 capital
tr_oth.csv;Leverage;TR2025;2520905;2420905;2320905;2220905;2120905;2020905;2020905;1920905;1820905;1720905;;151003;;Leverage;Leverage ratio - using a transitional definition of Tier 1 capital
tr_oth.csv;Leverage;TR2025;2520906;2420906;2320906;2220906;2120906;2020906;2020906;1920906;1820906;1720906;;;;Leverage;Leverage ratio - using a fully phased-in definition of Tier 1 capital
tr_oth.csv;Assets;TR2025;2521001;2421001;2321001;2221001;2121001;2021001;2021001;1921001;;;;;;Assets;Cash, cash balances at central banks and other demand deposits
tr_oth.csv;Assets;TR2025;2521002;2421002;2321002;2221002;2121002;2021002;2021002;1921002;;;;;;Assets;Financial assets held for trading
tr_oth.csv;Assets;TR2025;2521003;2421003;2321003;2221003;2121003;2021003;2021003;1921003;;;;;;Assets;Non-trading financial assets mandatorily at fair value through profit or loss
tr_oth.csv;Assets;TR2025;2521004;2421004;2321004;2221004;2121004;2021004;2021004;1921004;;;;;;Assets;Financial assets designated at fair value through profit or loss
tr_oth.csv;Assets;TR2025;2521005;2421005;2321005;2221005;2121005;2021005;2021005;1921005;;;;;;Assets;Financial assets at fair value through other comprehensive income
tr_oth.csv;Assets;TR2025;2521006;2421006;2321006;2221006;2121006;2021006;2021006;1921006;;;;;;Assets;Financial assets at amortised cost
tr_oth.csv;Assets;TR2025;2521007;2421007;2321007;2221007;2121007;2021007;2021007;1921007;;;;;;Assets;Derivatives  Hedge accounting
tr_oth.csv;Assets;TR2025;2521008;2421008;2321008;2221008;2121008;2021008;2021008;1921008;;;;;;Assets;Fair value changes of the hedged items in portfolio hedge of interest rate risk
tr_oth.csv;Assets;TR2025;2521009;2421009;2321009;2221009;2121009;2021009;2021009;1921009;;;;;;Assets;Other assets
tr_oth.csv;Assets;TR2025;2521010;2421010;2321010;2221010;2121010;2021010;2021010;1921010;;;;;;Assets;Total Assets
tr_oth.csv;Assets;TR2025;2521016;2421016;2321016;2221016;2121016;2021016;2021016;1921016;;;;;;Assets;Gross carrying amount: Financial assets at fair value through other comprehensive income, Debt securities
tr_oth.csv;Assets;TR2025;2521017;2421017;2321017;2221017;2121017;2021017;2021017;1921017;;;;;;Assets;Gross carrying amount: Financial assets at fair value through other comprehensive income, Loans and advances
tr_oth.csv;Assets;TR2025;2521018;2421018;2321018;2221018;2121018;2021018;2021018;1921018;;;;;;Assets;Gross carrying amount: Financial assets at amortised cost, Debt securities
tr_oth.csv;Assets;TR2025;2521019;2421019;2321019;2221019;2121019;2021019;2021019;1921019;;;;;;Assets;Gross carrying amount: Financial assets at amortised cost, Loans and advances
tr_oth.csv;Assets;TR2025;2521026;2421026;2321026;2221026;2121026;2021026;2021026;1921026;;;;;;Assets;Accumulated impairment: Financial assets at fair value through other comprehensive income, Debt securities
tr_oth.csv;Assets;TR2025;2521027;2421027;2321027;2221027;2121027;2021027;2021027;1921027;;;;;;Assets;Accumulated impairment: Financial assets at fair value through other comprehensive income, Loans and advances
tr_oth.csv;Assets;TR2025;2521028;2421028;2321028;2221028;2121028;2021028;2021028;1921028;;;;;;Assets;Accumulated impairment: Financial assets at amortised cost, Debt securities
tr_oth.csv;Assets;TR2025;2521029;2421029;2321029;2221029;2121029;2021029;2021029;1921029;;;;;;Assets;Accumulated impairment: Financial assets at amortised cost, Loans and advances
tr_oth.csv;Liabilities;TR2025;2521201;2421201;2321201;2221201;2121201;2021201;2021201;;;;;;;Liabilities;Financial liabilities held for trading
tr_oth.csv;Liabilities;TR2025;2521202;2421202;2321202;2221202;2121202;2021202;2021202;;;;;;;Liabilities;Trading financial liabilities1
tr_oth.csv;Liabilities;TR2025;2521203;2421203;2321203;2221203;2121203;2021203;2021203;;;;;;;Liabilities;Financial liabilities designated at fair value through profit or loss
tr_oth.csv;Liabilities;TR2025;2521204;2421204;2321204;2221204;2121204;2021204;2021204;;;;;;;Liabilities;Financial liabilities measured at amortised cost
tr_oth.csv;Liabilities;TR2025;2521205;2421205;2321205;2221205;2121205;2021205;2021205;;;;;;;Liabilities;Non-trading non-derivative financial liabilities measured at a cost-based method1
tr_oth.csv;Liabilities;TR2025;2521206;2421206;2321206;2221206;2121206;2021206;2021206;;;;;;;Liabilities;Derivatives  Hedge accounting
tr_oth.csv;Liabilities;TR2025;2521207;2421207;2321207;2221207;2121207;2021207;2021207;;;;;;;Liabilities;Fair value changes of the hedged items in portfolio hedge of interest rate risk
tr_oth.csv;Liabilities;TR2025;2521208;2421208;2321208;2221208;2121208;2021208;2021208;;;;;;;Liabilities;Provisions
tr_oth.csv;Liabilities;TR2025;2521209;2421209;2321209;2221209;2121209;2021209;2021209;;;;;;;Liabilities;Tax liabilities
tr_oth.csv;Liabilities;TR2025;2521210;2421210;2321210;2221210;2121210;2021210;2021210;;;;;;;Liabilities;Share capital repayable on demand
tr_oth.csv;Liabilities;TR2025;2521211;2421211;2321211;2221211;2121211;2021211;2021211;;;;;;;Liabilities;Other liabilities
tr_oth.csv;Liabilities;TR2025;2521212;2421212;2321212;2221212;2121212;2021212;2021212;;;;;;;Liabilities;Liabilities included in disposal groups classified as held for sale
tr_oth.csv;Liabilities;TR2025;2521213;2421213;2321213;2221213;2121213;2021213;2021213;;;;;;;Liabilities;Haircuts for trading liabilities at fair value1
tr_oth.csv;Liabilities;TR2025;2521214;2421214;2321214;2221214;2121214;2021214;2021214;;;;;;;Liabilities;TOTAL LIABILITIES
tr_oth.csv;Liabilities;TR2025;2521215;2421215;2321215;2221215;2121215;2021215;2021215;;;;;;;Liabilities;Financial liabilities -  by instrument and by counterparty sector
tr_oth.csv;Liabilities;TR2025;2521216;2421216;2321216;2221216;2121216;2021216;;;;;;;;Liabilities;TOTAL EQUITY
tr_oth.csv;Liabilities;TR2025;2521217;2421217;2321217;2221217;2121217;2021217;;;;;;;;Liabilities;TOTAL EQUITY AND TOTAL LIABILITIES
tr_cre.csv;NACE;TR2025;2521301;2421301;2321301;2221301;2121301;2021301;2021301;;;;;;;NACE;Gross carrying amount
tr_cre.csv;NACE;TR2025;2521302;2421302;2321302;2221302;2121302;2021302;2021302;;;;;;;NACE;Accumulated impairment
tr_cre.csv;NACE;TR2025;2521303;2421303;2321303;2221303;2121303;2021303;2021303;;;;;;;NACE;Accumulated negative changes in fair value due to credit risk on non-performing exposures
tr_cre.csv;Collateral;TR2025;2521701;2421701;2321701;2221701;2121701;2021701;;;;;;;;Collateral;Gross carrying amount on Loans and advances
tr_cre.csv;Collateral;TR2025;2521702;2421702;2321702;2221702;2121702;2021702;;;;;;;;Collateral;Accumulated impairment for secured assets
tr_cre.csv;Collateral;TR2025;2521703;2421703;2321703;2221703;2121703;2021703;;;;;;;;Collateral;Collateral Of which value capped at the value of exposure
tr_cre.csv;Collateral;TR2025;2521704;2421704;2321704;2221704;2121704;2021704;;;;;;;;Collateral;Collateral Of which value capped at the value of exposure Of which immovable property
tr_cre.csv;Collateral;TR2025;2521705;2421705;2321705;2221705;2121705;2021705;;;;;;;;Collateral;Collateral Of which value above the cap
tr_cre.csv;Collateral;TR2025;2521706;2421706;2321706;2221706;2121706;2021706;;;;;;;;Collateral;Collateral Of which value above the cap Of which immovable property
tr_cre.csv;Collateral;TR2025;2521707;2421707;2321707;2221707;2121707;2021707;;;;;;;;Collateral;Financial guarantees received
tr_cre.csv;Collateral;TR2025;2521708;2421708;2321708;2221708;2121708;2021708;;;;;;;;Collateral;Accumulated partial write-off
